datetime,energy,gh,csky_ghi,tdry,wspd,pres_hpa,rhum,snowd_m,rainfall
2021-01-01,471.984,413.89,1088.19,12.5,24.57,23255.3,2258,17.5,2.5
2021-01-02,390.325,416.19,1098.34,33.8,19.0,23740.3,2101,0.0,0.0
2021-01-03,84.912,459.753996,1109.45,14.7,55.5,23447.5,2154,15.5,4.0
2021-01-04,49.318000000000005,435.939975,1121.49,-0.4,43.2,23475.9,2284,0.0,0.0
2021-01-05,400.894,424.15,1134.48,12.6,58.1,23507.4,2278,0.0,0.0
2021-01-06,281.90500000000003,453.71031999999997,1148.38,12.1,73.2,23468.9,2251,0.0,0.0
2021-01-07,72.302,484.88599,1163.25,5.2,60.4,23412.3,2132,0.0,0.0
2021-01-08,230.943,433.51,1179.06,-0.30000000000000004,66.0,23447.3,2246,14.0,2.0
2021-01-09,288.026,486.53568,1195.79,-11.7,44.2,23624.6,2199,0.0,0.0
2021-01-10,122.785,502.091451,1213.47,4.6,39.4,23687.2,2119,0.0,0.0
2021-01-11,7.52,508.36215,1232.09,3.4000000000000004,85.8,23598.5,1911,0.0,0.0
2021-01-12,275.982,481.512635,1251.61,41.0,135.8,23386.4,2182,6.5,8.0
2021-01-13,153.945,521.66798,1272.08,38.8,149.8,23392.2,1936,4.0,2.0
2021-01-14,377.008,515.4577850000001,1293.47,-2.6,70.1,23513.1,2093,0.0,0.0
2021-01-15,316.58,498.30144,1315.77,-19.7,65.7,23683.4,2194,0.0,0.0
2021-01-16,17.81,464.33,1338.99,-31.1,63.3,23690.1,1856,0.0,0.0
2021-01-17,412.853,551.269914,1363.1200000000001,-36.7,61.4,23589.100000000002,2134,7.0,1.0
2021-01-18,351.91,532.05223,1388.13,52.5,87.7,23605.4,2084,3.5,0.5
2021-01-19,458.725,477.65,1414.04,76.2,164.9,23410.3,2061,0.0,6.5
2021-01-20,467.951,1191.514494,1440.84,149.8,127.0,23230.5,1597,0.0,0.0
2021-01-21,107.518,1008.007708,1468.54,170.0,169.0,23091.6,1697,0.0,4.0
2021-01-22,126.411,903.053285,1497.07,80.4,68.8,23035.7,2051,0.0,4.0
2021-01-23,68.745,831.612879,1526.48,43.0,62.8,23066.5,2152,0.0,0.0
2021-01-24,228.4,522.11324,1556.73,11.8,99.2,23070.7,2231,26.5,4.5
2021-01-25,369.365,1264.6666500000001,1587.82,-32.6,56.6,23210.1,2199,0.0,0.0
2021-01-26,69.398,517.4736800000001,1619.72,12.9,114.6,23436.6,2070,42.5,6.5
2021-01-27,127.713,711.067506,1652.46,13.3,83.1,23450.9,2106,10.0,2.5
2021-01-28,488.67,622.17181,1686.17,14.2,48.9,23263.8,2320,48.5,9.5
2021-01-29,342.751,609.432751,1721.07,85.0,79.0,23098.8,2280,1.0,14.0
2021-01-30,285.048,836.830915,1757.1000000000001,7.200000000000001,77.9,23139.7,2000,0.0,0.5
2021-01-31,0.0,0.0,0.0,0.0,0.0,0.0,0,0.0,0.0
2021-02-01,336.035,639.810365,1832.32,16.0,62.0,23259.5,2148,0.0,0.0
2021-02-02,241.326,569.024085,1871.4,109.8,72.8,23121.9,2139,0.0,4.0
2021-02-03,446.172,777.902604,1911.4099999999999,211.3,110.3,23095.9,2001,0.0,13.0
2021-02-04,198.853,989.50628,1952.4599999999998,166.6,77.89999999999999,23328.6,1787,0.0,1.0
2021-02-05,360.617,787.272195,1994.76,91.0,59.3,23475.8,2191,0.0,3.0
2021-02-06,446.896,630.741605,2038.21,8.2,137.2,23415.9,2247,139.5,12.0
2021-02-07,102.551,1186.14112,2082.76,-143.8,173.4,23228.600000000002,2050,317.5,16.5
2021-02-08,169.821,1196.98749,2128.35,-211.8,92.7,23130.0,1925,220.0,11.0
2021-02-09,239.805,1642.089794,2174.95,-281.5,41.9,23206.4,1926,0.0,0.0
2021-02-10,225.974,689.90413,2222.48,-315.1,19.8,23345.0,2044,0.0,0.0
2021-02-11,255.131,1671.381943,2270.91,-159.0,28.68,23665.5,2178,0.0,0.0
2021-02-12,346.553,912.14099,2320.24,-263.3,36.42,23883.1,2144,0.0,0.0
2021-02-13,33.041000000000004,1788.99192,2370.38,-275.3,25.740000000000002,24017.3,2045,0.0,0.0
2021-02-14,5.267999999999999,2368.338702,2421.28,-232.9,51.6,24034.6,1832,0.0,0.0
2021-02-15,414.199,1693.455725,2472.9700000000003,-41.6,138.7,23825.6,1596,35.0,5.0
2021-02-16,590.826,1371.385716,2525.35,87.1,76.1,23582.5,2063,0.0,0.0
2021-02-17,605.378,1004.759485,2578.42,139.2,72.2,23535.5,1955,0.0,1.0
2021-02-18,543.497,2543.971737,2632.16,143.7,102.5,23507.7,1860,0.0,3.0
2021-02-19,560.07,2664.46417,2686.49,140.9,100.0,23532.100000000002,1758,0.0,0.5
2021-02-20,363.311,2696.35334,2741.41,208.5,85.09,23566.100000000002,1867,0.0,0.0
2021-02-21,121.043,2796.8700000000003,2796.8700000000003,217.0,41.52,23570.7,1454,0.0,0.0
2021-02-22,332.374,2578.24377,2852.85,221.3,40.1,23664.4,1590,0.0,0.0
2021-02-23,452.995,2815.92625,2909.33,289.6,64.9,23860.2,1627,0.0,0.0
2021-02-24,526.79,2966.23,2966.23,302.0,84.7,23908.600000000002,1695,0.0,0.0
2021-02-25,490.4,3023.58,3023.58,297.6,54.4,23833.1,1636,0.0,0.0
2021-02-26,532.078,1213.52088,3081.3,164.4,94.2,23879.1,1933,0.0,3.0
2021-02-27,539.135,761.67,3139.43,88.8,81.8,24017.7,2078,0.0,0.0
2021-02-28,0.0,0.0,0.0,0.0,0.0,0.0,0,0.0,0.0
2021-03-01,380.386,1621.756414,3315.67,94.6,45.2,23964.7,2213,0.0,0.0
2021-03-02,380.004,2832.75228,3375.52,132.9,34.3,23911.5,1877,0.0,0.0
2021-03-03,479.04400000000004,2965.13893,3435.99,173.1,42.9,23823.6,1780,0.0,0.0
2021-03-04,578.916,1244.21064,3496.99,101.0,76.3,23635.1,2207,0.0,4.0
2021-03-05,481.033,3238.87404,3558.44,27.5,64.5,23726.4,1727,0.0,0.0
2021-03-06,205.14000000000001,3336.85756,3620.7,29.5,39.0,23885.9,1637,0.0,0.0
2021-03-07,106.912,1747.93815,3683.99,28.1,71.7,23736.4,1727,0.0,0.0
2021-03-08,378.451,2057.8742,3748.15,61.8,62.5,23652.3,1774,0.0,0.0
2021-03-09,166.614,1474.26389,3812.97,42.4,60.0,23576.6,2114,0.0,4.5
2021-03-10,178.569,2061.843,3878.37,120.0,73.6,23544.3,1960,0.0,0.5
2021-03-11,417.066,2350.75383,3944.23,204.8,179.20000000000002,23260.9,1772,0.0,6.5
2021-03-12,615.754,2408.98501,4010.46,174.2,176.6,23217.5,1506,0.0,3.5
2021-03-13,502.997,2753.797537,4076.9900000000002,145.6,222.70000000000002,23129.0,1789,0.0,8.0
2021-03-14,577.592,1829.211989,4143.77,113.6,167.9,23245.9,1849,0.0,1.0
2021-03-15,301.387,1533.347111,4210.72,99.3,175.8,23384.1,2025,0.0,5.5
2021-03-16,296.216,2816.471177,4277.8,82.4,128.0,23576.3,1940,0.0,0.5
2021-03-17,514.895,1916.05306,4344.94,37.5,77.5,23686.7,1860,3.0,1.5
2021-03-18,531.092,2474.129908,4412.12,28.3,57.6,23665.7,1943,2.0,1.0
2021-03-19,490.019,3808.8022,4479.28,42.4,97.6,23657.3,1787,0.0,0.0
2021-03-20,43.372,4003.760467,4546.400000000001,28.8,63.1,23757.8,1289,0.0,0.0
2021-03-21,36.51,1620.45404,4613.41,120.9,186.3,23634.2,1642,0.0,0.5
2021-03-22,223.715,1949.77331,4680.2699999999995,108.4,132.5,23644.0,1974,0.0,0.0
2021-03-23,90.707,1050.721245,4746.99,157.5,55.8,23720.3,1696,0.0,0.0
2021-03-24,478.351,3804.520895,4813.4800000000005,219.5,75.5,23698.1,1474,0.0,0.0
2021-03-25,578.429,3429.6753,4879.72,245.7,67.7,23637.9,1533,0.0,0.0
2021-03-26,681.626,4099.46918,4945.76,263.9,109.5,23586.3,1539,0.0,0.0
2021-03-27,673.738,2552.861984,5011.48,133.0,162.6,23608.1,1800,0.0,5.0
2021-03-28,600.248,1995.77357,5076.86,203.5,138.7,23761.3,1505,0.0,0.0
2021-03-29,408.871,3777.46532,5141.9,334.5,92.2,23845.100000000002,1055,0.0,0.0
2021-03-30,542.941,4066.64678,5206.57,339.5,41.4,23903.9,1065,0.0,0.0
2021-03-31,0.0,0.0,0.0,0.0,0.0,0.0,0,0.0,0.0
2021-04-01,644.846,4739.291196,5334.77,320.4,113.8,23649.0,1259,0.0,0.0
2021-04-02,511.129,2510.27041,5398.87,141.7,160.5,23668.2,1661,0.0,0.0
2021-04-03,533.304,3734.6795540000003,5463.2,142.2,143.0,23721.899999999998,1609,0.0,0.0
2021-04-04,541.463,1224.820306,5527.54,113.1,113.39999999999999,23683.7,1622,0.0,0.0
2021-04-05,161.424,2137.50805,5591.8099999999995,61.8,191.3,23395.1,1826,3.5,4.5
2021-04-06,309.25399999999996,2659.08908,5656.17,22.0,172.1,23346.6,1880,3.0,2.0
2021-04-07,388.879,1706.103425,5720.66,31.0,165.7,23425.3,2004,0.0,2.0
2021-04-08,251.597,2220.91872,5785.14,66.5,111.8,23610.3,1656,0.0,0.0
2021-04-09,703.316,4246.52826,5849.51,182.3,101.39999999999999,23536.0,1408,0.0,0.0
2021-04-10,661.877,2258.957961,5913.66,173.7,69.3,23466.3,2070,0.0,10.0
2021-04-11,666.874,1729.2045699999999,5977.51,137.7,118.2,23433.3,2108,8.5,7.5
2021-04-12,595.183,3560.61249,6041.0,78.8,101.3,23668.4,1794,0.0,1.0
2021-04-13,404.479,3475.0489900000002,6104.08,87.5,104.3,23831.9,1627,0.0,0.5
2021-04-14,501.57800000000003,3657.42057,6166.72,55.6,70.4,23826.9,1997,0.0,1.0
2021-04-15,635.177,4276.47034,6228.86,85.3,61.7,23809.1,1772,0.0,0.5
2021-04-16,181.868,6214.362682,6290.43,157.3,81.4,23770.2,1372,0.0,0.0
2021-04-17,79.107,2906.086235,6351.41,158.4,75.4,23706.8,1512,0.0,2.5
2021-04-18,385.419,2350.771866,6411.79,209.9,67.0,23654.0,1861,0.0,1.5
2021-04-19,348.206,3237.56779,6471.52,228.0,37.9,23642.7,1819,0.0,0.0
2021-04-20,627.882,6177.846314,6530.59,274.7,61.2,23587.0,1645,0.0,1.5
2021-04-21,588.3480000000001,6437.861131,6588.92,274.9,106.4,23556.399999999998,1466,0.0,0.5
2021-04-22,473.716,3402.17938,6646.55,178.2,144.3,23669.2,1375,0.0,0.0
2021-04-23,231.34,4171.762987,6703.48,163.9,94.7,23795.0,1640,0.0,0.0
2021-04-24,62.752,5002.33331,6759.61,177.4,73.0,23773.399999999998,1506,0.0,0.0
2021-04-25,390.863,3531.3058340000002,6814.97,156.4,102.89999999999999,23748.899999999998,1374,0.0,0.0
2021-04-26,677.464,5800.0974,6869.51,199.5,53.6,23645.6,955,0.0,0.0
2021-04-27,564.275,6767.25752,6923.24,200.6,88.3,23444.8,986,0.0,0.0
2021-04-28,528.807,5336.69292,6976.16,328.5,76.2,23310.5,982,0.0,1.5
2021-04-29,595.3389999999999,4736.58867,7028.2,257.4,137.4,23257.4,1621,0.0,5.0
2021-04-30,0.0,0.0,0.0,0.0,0.0,0.0,0,0.0,0.0
2021-05-01,394.676,3518.45048,7130.55,224.6,76.6,23462.3,1675,0.0,0.5
2021-05-02,539.02,3820.47645,7180.99,177.7,156.4,23514.7,1534,0.0,0.5
2021-05-03,513.223,5702.38974,7230.82,215.9,98.1,23590.9,1325,0.0,0.0
2021-05-04,599.1610000000001,2441.015896,7279.92,243.3,209.0,23268.6,1401,0.0,1.0
2021-05-05,480.559,3137.48823,7328.29,175.0,184.2,23242.4,1548,0.0,3.0
2021-05-06,678.1890000000001,4768.0826099999995,7375.85,168.6,108.3,23310.8,1573,0.0,6.5
2021-05-07,392.486,4349.24984,7422.58,148.8,126.8,23434.6,1710,0.0,2.0
2021-05-08,609.615,7250.188855,7468.48,284.6,109.6,23538.7,1098,0.0,0.0
2021-05-09,374.683,7277.09449,7513.46,512.1,150.0,23397.2,982,0.0,0.0
2021-05-10,666.28,7387.475153,7557.51,470.0,124.0,23374.3,1309,0.0,6.5
2021-05-11,651.665,1834.6004970000001,7600.63,339.1,81.0,23391.8,2123,0.0,12.5
2021-05-12,540.801,3546.315611,7642.82,313.9,83.7,23416.0,1832,0.0,2.0
2021-05-13,607.641,6259.17796,7684.17,301.6,45.7,23361.8,1909,0.0,1.5
2021-05-14,408.521,3795.95015,7724.78,303.0,73.7,23348.8,1727,0.0,0.5
2021-05-15,249.59799999999998,4089.9340349999998,7764.65,275.6,104.39999999999999,23318.100000000002,1818,0.0,1.5
2021-05-16,707.768,4920.95038,7803.63,283.3,97.4,23236.7,1766,0.0,5.0
2021-05-17,605.309,5312.753591,7841.72,275.1,88.9,23256.3,1888,0.0,5.0
2021-05-18,720.678,3897.6420740000003,7878.9,268.2,67.1,23417.4,1883,0.0,3.0
2021-05-19,624.962,5845.598169,7915.11,254.8,48.1,23530.8,1879,0.0,9.0
2021-05-20,623.552,5564.175715,7950.33,296.0,65.8,23591.7,1644,0.0,0.0
2021-05-21,568.095,7234.84992,7984.58,343.8,157.6,23367.899999999998,1272,0.0,0.0
2021-05-22,707.869,2996.335595,8017.79,279.4,185.4,23298.9,1622,0.0,7.0
2021-05-23,701.2470000000001,3692.120258,8049.96,304.4,129.4,23463.0,1419,0.0,0.5
2021-05-24,639.746,4291.255394,8081.07,358.5,147.2,23459.8,1237,0.0,0.5
2021-05-25,555.261,4130.38213,8111.11,231.3,149.2,23462.399999999998,1779,0.0,5.0
2021-05-26,592.86,5788.55119,8140.1,246.8,129.7,23471.7,1771,0.0,2.0
2021-05-27,590.583,2837.33436,8167.9800000000005,242.5,140.0,23582.1,1976,0.0,6.0
2021-05-28,439.313,7416.747,8194.75,293.2,96.0,23696.5,1708,0.0,0.0
2021-05-29,652.231,3680.10021,8220.45,263.1,64.7,23773.8,1916,0.0,0.0
2021-05-30,241.441,7774.83616,8245.02,341.1,57.4,23809.5,1589,0.0,0.0
2021-05-31,0.0,0.0,0.0,0.0,0.0,0.0,0,0.0,0.0
2021-06-01,554.2810000000001,6476.09512,8290.75,437.8,51.0,23643.100000000002,1204,0.0,0.0
2021-06-02,674.123,7278.37156,8311.91,503.2,72.4,23600.600000000002,1200,0.0,0.0
2021-06-03,707.582,7626.724254,8331.9,507.7,58.8,23677.3,1517,0.0,1.5
2021-06-04,663.725,7362.354154,8350.78,505.3,31.2,23701.7,1901,0.0,6.5
2021-06-05,656.274,6322.707307,8368.51,491.6,75.4,23669.6,1874,0.0,10.5
2021-06-06,712.797,1653.662208,8385.09,400.7,116.4,23699.5,2031,0.0,0.0
2021-06-07,493.046,4014.3920120000002,8400.46,421.0,81.5,23727.899999999998,1837,0.0,0.5
2021-06-08,507.31,2429.420759,8414.72,442.3,55.6,23731.3,1820,0.0,0.0
2021-06-09,328.847,7445.157696,8427.74,502.0,45.4,23711.4,1678,0.0,4.0
2021-06-10,534.251,7883.930528,8439.64,501.0,62.1,23699.1,1627,0.0,0.0
2021-06-11,402.639,7982.077403,8450.38,513.4,69.7,23660.4,1508,0.0,0.0
2021-06-12,496.97700000000003,5171.214287,8459.93,458.1,150.3,23644.6,1542,0.0,0.0
2021-06-13,551.963,8108.914219,8468.28,393.2,99.4,23785.0,1354,0.0,0.0
2021-06-14,0.0,8315.999271,8475.46,524.6,55.0,23741.2,1186,0.0,0.0
2021-06-15,53.387,7926.495269999999,8481.47,506.6,73.5,23673.4,1499,0.0,0.0
2021-06-16,590.253,7834.503153,8486.3,584.2,79.2,23605.9,1379,0.0,0.0
2021-06-17,438.164,7479.932872,8489.95,700.4,92.8,23555.600000000002,1024,0.0,0.0
2021-06-18,593.011,7515.1304660000005,8492.44,673.8,48.7,23547.8,1205,0.0,0.0
2021-06-19,554.106,8079.954434,8493.73,672.1,66.9,23549.4,1166,0.0,0.0
2021-06-20,572.34,7944.97967,8493.84,589.2,93.0,23471.9,1504,0.0,1.0
2021-06-21,573.2860000000001,3784.624273,8492.78,452.9,130.0,23405.8,1918,0.0,20.0
2021-06-22,477.25600000000003,2412.523079,8490.539999999999,356.3,68.8,23543.2,1902,0.0,1.0
2021-06-23,619.922,3609.088683,8487.11,396.5,54.300000000000004,23647.5,1852,0.0,0.0
2021-06-24,547.583,2762.483474,8482.55,398.0,53.800000000000004,23644.3,2106,0.0,8.5
2021-06-25,517.465,5265.040453,8476.78,435.0,65.3,23628.8,1716,0.0,0.5
2021-06-26,533.0649999999999,7970.321902,8469.85,468.3,38.1,23654.3,1551,0.0,0.0
2021-06-27,544.0600000000001,7635.024793,8461.74,536.3,62.7,23620.4,1361,0.0,2.0
2021-06-28,669.123,6460.160098,8452.49,514.4,57.5,23564.8,1804,0.0,0.0
2021-06-29,657.988,6544.73186,8442.06,492.7,70.1,23487.3,1831,0.0,14.5
2021-06-30,0.0,0.0,0.0,0.0,0.0,0.0,0,0.0,0.0
2021-07-01,557.459,1689.694589,8417.73,322.0,76.9,23520.65924,2205,0.0,10.5
2021-07-02,681.441,3044.0698380000003,8403.82,357.2,55.8,23598.3,2092,0.0,1.5
2021-07-03,548.168,8069.9061,8388.76,458.0,40.5,23585.6,1702,0.0,0.0
2021-07-04,668.784,7458.802554,8372.62,461.4,49.4,23478.600000000002,1774,0.0,11.0
2021-07-05,521.825,5162.45034,8355.25,421.0,77.8,23440.8,2000,0.0,7.5
2021-07-06,548.416,5831.457447,8336.79,451.7,96.7,23437.899999999998,1890,0.0,10.5
2021-07-07,654.096,7513.8191449999995,8317.19,481.4,65.5,23574.9,1568,0.0,0.0
2021-07-08,625.392,7573.993427,8296.47,467.2,45.0,23672.8,1795,0.0,0.5
2021-07-09,533.596,2956.835642,8274.619999999999,382.0,93.4,23673.9,2207,0.0,16.5
2021-07-10,471.223,6025.487007,8251.67,435.0,53.1,23618.7,1994,0.0,0.0
2021-07-11,532.766,4522.311353,8227.62,436.0,60.72,23575.9,2064,0.0,2.0
2021-07-12,664.276,6541.98742,8202.45,486.7,50.6,23511.0,1812,0.0,0.0
2021-07-13,654.056,6525.846886,8176.2,484.3,45.370000000000005,23437.0,2035,0.0,17.5
2021-07-14,609.618,2731.465147,8148.88,393.5,74.0,23425.8,2297,0.0,22.5
2021-07-15,605.366,5264.269862,8120.48,470.9,54.9,23515.2,1796,0.0,1.0
2021-07-16,601.701,1329.018226,8091.01,422.3,98.99,23657.8,2118,0.0,0.0
2021-07-17,629.943,4147.189027,8060.48,454.0,141.7,23739.9,1807,0.0,0.0
2021-07-18,350.22700000000003,6850.658678,8028.92,469.4,92.4,23724.0,1764,0.0,0.0
2021-07-19,524.119,3746.463691,7996.33,402.8,89.6,23695.1,1773,0.0,0.0
2021-07-20,667.052,3246.762233,7962.74,381.6,55.3,23692.7,1690,0.0,0.0
2021-07-21,575.83,5422.901321,7928.11,406.8,33.4,23746.4,1781,0.0,0.0
2021-07-22,625.706,7403.620181,7892.53,435.1,32.7,23711.8,1776,0.0,0.0
2021-07-23,630.224,6892.456776999999,7855.96,450.0,42.8,23618.0,1736,0.0,0.0
2021-07-24,508.057,4414.952583,7818.42,483.9,59.1,23470.8,1798,0.0,5.0
2021-07-25,657.45,5936.633597999999,7779.96,491.0,61.2,23440.4,1844,0.0,0.0
2021-07-26,619.15,6946.3250800000005,7740.59,495.6,61.2,23480.7,1785,0.0,0.5
2021-07-27,602.695,5749.267226,7700.36,458.0,70.0,23512.4,1827,0.0,0.5
2021-07-28,618.969,4772.993176,7659.25,434.8,92.5,23488.5,1869,0.0,1.5
2021-07-29,608.74,6590.781151,7617.28,423.6,111.2,23487.8,1514,0.0,0.0
2021-07-30,618.497,7158.577921,7574.5599999999995,463.4,85.3,23433.0,1446,0.0,0.0
2021-07-31,0.0,0.0,0.0,0.0,0.0,0.0,0,0.0,0.0
2021-08-01,630.414,4521.7516075,7486.9,381.4,70.1,23423.6,2002,0.0,6.5
2021-08-02,581.996,4699.0812925,7442.09,386.6,70.5,23506.2,1734,0.0,0.5
2021-08-03,594.792,5162.3429160000005,7396.73,375.6,39.7,23522.7,1908,0.0,4.0
2021-08-04,594.835,4822.157896,7350.91,389.0,38.4,23508.9,2062,0.0,0.0
2021-08-05,528.7090000000001,5593.657349,7304.71,407.4,56.4,23436.5,1968,0.0,0.5
2021-08-06,431.534,4741.7406118,7257.98,427.8,90.6,23347.0,1836,0.0,1.0
2021-08-07,669.308,6534.7812482,7210.62,427.3,110.1,23323.1,1768,0.0,0.0
2021-08-08,589.467,5717.163225,7162.72,392.9,120.9,23434.8,1695,0.0,0.0
2021-08-09,517.848,6152.3182,7114.06,393.6,70.8,23598.4,1723,0.0,1.0
2021-08-10,542.555,5811.49644,7064.59,400.1,65.9,23612.6,1886,0.0,6.0
2021-08-11,412.087,5579.19419,7014.29,428.4,30.6,23667.2,1808,0.0,0.0
2021-08-12,585.824,6347.59873,6963.1900000000005,490.0,56.4,23691.2,1682,0.0,0.0
2021-08-13,616.915,6176.347266,6911.3,506.5,81.1,23710.3,1694,0.0,0.0
2021-08-14,502.236,6232.0365759999995,6858.599999999999,469.3,72.9,23690.5,1590,0.0,0.0
2021-08-15,623.202,6228.37234,6805.15,471.0,56.0,23559.3,1607,0.0,0.0
2021-08-16,634.19,4689.6012200000005,6750.95,365.3,127.3,23460.5,1825,0.0,2.0
2021-08-17,544.84,4446.708775,6696.04,338.0,132.3,23555.2,1631,0.0,2.5
2021-08-18,596.933,2264.474299,6640.41,384.0,89.39999999999999,23551.0,1695,0.0,1.0
2021-08-19,565.841,2199.10634,6584.08,399.0,62.5,23535.8,2040,0.0,3.5
2021-08-20,370.243,4355.033725,6527.06,411.3,62.0,23598.3,1818,0.0,0.0
2021-08-21,433.227,5851.2793,6469.4,434.7,31.0,23640.0,1833,0.0,0.0
2021-08-22,565.3050000000001,3550.467854,6411.13,409.0,48.9,23584.1,2083,0.0,7.5
2021-08-23,584.7330000000001,2900.195273,6352.24,377.0,81.5,23697.7,2034,0.0,1.0
2021-08-24,582.518,5686.086112999999,6292.7699999999995,347.9,62.3,23812.2,1751,0.0,0.0
2021-08-25,527.242,6081.699867,6232.79,365.7,62.7,23703.5,1703,0.0,0.0
2021-08-26,400.473,4070.192683,6172.29,346.9,117.39999999999999,23514.6,1986,0.0,3.5
2021-08-27,482.575,2129.215535,6111.33,319.2,118.3,23525.0,2120,0.0,6.5
2021-08-28,606.2090000000001,4079.220867,6049.96,342.5,82.4,23594.2,2094,0.0,7.0
2021-08-29,539.859,1631.83415,5988.22,341.4,102.6,23576.5,2316,0.0,7.5
2021-08-30,0.0,0.0,0.0,0.0,0.0,0.0,0,0.0,0.0
2021-08-31,0.0,0.0,0.0,0.0,0.0,0.0,0,0.0,0.0
2021-09-01,603.317,2718.492178,5801.57,366.1,64.2,23821.5,1837,0.0,0.0
2021-09-02,606.88,4013.439168,5739.18,363.8,30.7,23823.2,1932,0.0,0.0
2021-09-03,586.894,4750.2218995,5676.99,382.7,33.9,23704.8,1947,0.0,0.0
2021-09-04,476.772,2485.058027,5614.96,324.4,46.2,23638.4,2146,0.0,0.0
2021-09-05,172.897,5340.450385,5552.59,353.0,36.6,23696.5,1864,0.0,0.0
2021-09-06,420.429,3606.467824,5489.86,389.1,50.4,23760.0,1731,0.0,0.0
2021-09-07,271.49,1784.757949,5426.75,419.9,36.2,23768.3,1683,0.0,0.0
2021-09-08,77.503,5142.546052,5363.37,436.4,43.4,23650.4,1676,0.0,0.0
2021-09-09,278.568,5004.956811,5299.71,479.6,56.8,23509.8,1725,0.0,2.5
2021-09-10,607.339,2768.683872,5235.81,479.5,54.1,23541.9,1980,0.0,2.5
2021-09-11,557.428,2587.400252,5171.7300000000005,444.0,53.0,23596.5,1936,0.0,1.0
2021-09-12,308.29,2276.2867085,5107.54,400.0,47.2,23619.4,1993,0.0,0.5
2021-09-13,438.433,3342.2671805,5043.28,357.6,33.4,23636.5,1871,0.0,0.0
2021-09-14,538.177,4586.59005,4979.0599999999995,419.3,47.56,23579.8,1827,0.0,0.5
2021-09-15,531.529,4393.03351378,4914.96,454.3,71.6,23489.4,2046,0.0,12.5
2021-09-16,495.924,1608.277021,4850.85,365.5,124.1,23556.4,1934,0.0,0.0
2021-09-17,403.664,2622.8646639999997,4786.55,352.3,70.0,23573.7,1988,0.0,0.0
2021-09-18,406.015,2570.1364989999997,4722.08,338.0,42.0,23591.8,2003,0.0,0.0
2021-09-19,376.119,1630.32081,4657.5,289.8,83.6,23591.4,1784,0.0,0.0
2021-09-20,483.624,1080.26059,4592.76,246.3,49.1,23670.2,1751,0.0,0.0
2021-09-21,423.575,4377.50349,4528.0,290.9,47.160000000000004,23829.4,1650,0.0,0.0
2021-09-22,492.888,3206.51203,4463.22,326.7,48.8,23839.1,1782,0.0,0.0
2021-09-23,627.134,4034.578625,4398.46,362.0,126.1,23633.1,1664,0.0,0.0
2021-09-24,617.128,1326.9106490000001,4333.8,368.5,73.0,23573.2,1994,0.0,0.0
2021-09-25,607.379,1587.526732,4269.3,377.8,35.2,23594.5,1980,0.0,0.0
2021-09-26,584.198,3668.530988,4205.04,426.5,59.8,23590.3,1959,0.0,7.5
2021-09-27,535.456,1839.799267,4141.099999999999,394.5,88.0,23594.6,2095,0.0,2.0
2021-09-28,248.279,3497.179344,4077.6,301.5,40.9,23699.4,2006,0.0,0.0
2021-09-29,82.146,2619.547094,4014.68,255.5,79.5,23610.899999999998,1986,0.0,2.0
2021-09-30,65.906,2800.1934850000002,3952.54,253.2,94.5,23741.0,1615,0.0,0.0
2021-10-01,95.91,3479.263403,3890.67,299.4,102.1,23633.3,1505,0.0,0.5
2021-10-02,355.707,2064.30248,3828.78,345.5,99.8,23460.3,1724,0.0,0.5
2021-10-03,565.913,3581.107184,3767.02,440.4,176.70000000000002,23331.1,1478,0.0,3.0
2021-10-04,582.095,3582.528456,3705.36,294.3,77.1,23583.1,1892,0.0,0.0
2021-10-05,565.662,2697.825645,3643.79,268.9,84.92,23445.0,2125,0.0,7.5
2021-10-06,327.59000000000003,1380.300076,3582.43,270.4,109.2,23524.0,1900,0.0,4.5
2021-10-07,27.815,2207.974847,3521.24,262.3,34.5,23799.2,2082,0.0,0.0
2021-10-08,104.498,2019.59187,3460.33,220.6,43.2,23898.7,2119,0.0,0.0
2021-10-09,32.284,3372.87969,3399.64,196.3,60.3,23872.3,1866,0.0,0.0
2021-10-10,126.742,1850.103954,3339.3,159.0,37.3,23803.8,1826,0.0,0.0
2021-10-11,369.024,2007.5397,3279.29,203.2,63.8,23727.5,2112,0.0,0.5
2021-10-12,362.801,1893.248208,3219.6800000000003,194.8,81.9,23610.7,2135,0.0,5.5
2021-10-13,431.713,1384.8976,3160.51,207.2,59.3,23700.2,2048,0.0,0.5
2021-10-14,44.933,934.713916,3101.82,254.4,66.4,23709.9,2100,0.0,2.5
2021-10-15,56.448,1861.221494,3043.66,222.1,88.5,23589.5,2047,0.0,2.0
2021-10-16,345.266,2077.2875790000003,2986.09,135.1,35.8,23670.4,2189,0.0,0.0
2021-10-17,179.218,2391.994794,2929.16,174.4,32.3,23666.5,2009,0.0,0.0
2021-10-18,240.376,2815.17992,2872.9,184.0,57.1,23722.5,2079,0.0,0.0
2021-10-19,402.459,921.075844,2817.45,264.7,96.89999999999999,23641.2,2163,0.0,2.0
2021-10-20,314.322,2004.273324,2762.87,342.1,165.2,23390.8,1890,0.0,2.0
2021-10-21,462.081,986.24849,2709.23,238.9,214.60000000000002,23219.8,1798,0.0,9.0
2021-10-22,539.148,1447.92975,2656.68,164.2,141.1,23488.6,1882,0.0,2.5
2021-10-23,312.886,1420.815992,2604.89,139.9,64.7,23775.8,1908,0.0,0.0
2021-10-24,168.171,2512.16777,2553.82,131.4,73.0,23763.1,1902,0.0,0.0
2021-10-25,91.484,2035.79657,2503.52,170.3,59.5,23630.6,1937,0.0,0.0
2021-10-26,331.90700000000004,2117.803061,2454.1,259.3,74.7,23662.3,1927,0.0,0.0
2021-10-27,231.55100000000002,659.235907,2405.59,258.4,66.0,23730.8,2045,0.0,0.0
2021-10-28,265.29,2235.82789,2358.11,230.6,69.1,23635.0,2020,0.0,0.0
2021-10-29,372.649,2248.92066,2311.4700000000003,226.0,74.7,23472.1,1988,0.0,0.0
2021-10-30,0.0,0.0,0.0,0.0,0.0,0.0,0,0.0,0.0
2021-10-31,0.0,0.0,0.0,0.0,0.0,0.0,0,0.0,0.0
2021-11-01,361.56899999999996,1778.7054,2175.0099999999998,252.5,97.0,23210.0,1838,0.0,1.0
2021-11-02,130.126,1252.467394,2130.76,186.8,60.7,23200.1,2049,0.0,0.5
2021-11-03,373.712,817.110626,2087.16,149.7,51.51,23197.3,2280,0.0,7.5
2021-11-04,454.416,592.34,2044.24,148.5,114.6,23261.9,2282,0.0,4.0
2021-11-05,63.461,785.3824050000001,2002.02,172.0,80.7,23616.0,2107,0.0,3.0
2021-11-06,135.597,1937.87528,1960.52,173.0,103.0,23769.3,1934,0.0,0.0
2021-11-07,218.714,756.826168,1919.74,189.8,138.96,23565.9,1976,0.0,1.5
2021-11-08,386.82099999999997,656.8820450000001,1879.77,174.7,68.2,23660.4,1940,0.0,0.0
2021-11-09,51.598,1825.684257,1840.55,169.6,51.2,23777.2,1890,0.0,0.0
2021-11-10,20.29,1786.2048770000001,1802.17,70.0,26.99,23751.0,2156,0.0,0.0
2021-11-11,315.15,547.63,1764.6,38.8,27.7,23721.9,2365,0.0,0.0
2021-11-12,379.215,690.33742,1727.91,64.6,76.8,23608.100000000002,2321,0.0,0.0
2021-11-13,426.47499999999997,677.14765,1692.06,99.0,58.7,23498.100000000002,2272,0.0,0.0
2021-11-14,75.267,542.52917,1657.1100000000001,164.2,59.91,23668.9,2144,0.0,0.0
2021-11-15,22.644,522.02,1623.05,117.5,101.00999999999999,23757.7,2102,0.0,0.0
2021-11-16,28.624000000000002,515.61,1589.96,87.3,41.4,23680.5,2261,0.0,0.0
2021-11-17,44.158,583.085885,1557.77,120.0,73.77,23651.8,2133,0.0,0.0
2021-11-18,213.023,943.262128,1526.56,180.6,105.05,23776.6,1938,0.0,0.0
2021-11-19,53.104,538.74561,1496.34,245.4,92.39999999999999,23823.8,1967,0.0,0.0
2021-11-20,402.357,490.31,1467.14,224.2,84.61,23728.8,1823,0.0,0.0
2021-11-21,392.901,560.365661,1438.93,150.8,74.78999999999999,23474.7,2182,0.0,1.5
2021-11-22,20.482,1165.90166,1411.78,67.5,71.6,23677.8,2101,0.0,0.0
2021-11-23,56.482,471.58,1385.73,48.0,31.17,23818.2,2293,0.0,0.0
2021-11-24,18.314,551.858326,1360.75,115.2,37.52,23691.7,2206,0.0,0.0
2021-11-25,52.477,541.624414,1336.9099999999999,87.7,62.26,23429.4,2048,0.0,0.0
2021-11-26,37.85,475.366606,1314.22,61.7,109.0,23115.3,2098,0.0,1.5
2021-11-27,340.17199999999997,477.73958700000003,1292.5,37.0,82.7,22918.0,2133,0.0,1.0
2021-11-28,277.107,676.1696850000001,1271.6399999999999,17.0,46.54,23050.4,2157,0.0,0.0
2021-11-29,183.217,509.347315,1251.65,24.0,106.27,23243.0,2053,0.0,0.0
2021-11-30,389.832,457.59475,1232.56,101.0,154.95,23279.0,2164,2.0,10.5
